id,category,title,text
1,Business,Regional Bank Reports Record Quarterly Profit,"Midwest Community Bank announced record quarterly profit today, citing strong loan demand and lower default rates. Executives said the growth reflects a resilient local economy and steady consumer spending across the region."
2,Business,Retail Chain Expands Into Three New States,"A national retail chain announced plans to open forty new stores across three states, creating an estimated two thousand jobs. Analysts say the expansion signals renewed confidence in brick-and-mortar retail after several difficult years."
3,Business,Manufacturing Output Rises for Third Straight Month,"Factory output rose for the third consecutive month, driven by strong demand for machinery and auto parts. Economists say the trend points to a gradual recovery in the manufacturing sector after last year's slowdown."
4,Business,Startup Raises Funding for Logistics Platform,"A logistics startup raised a new funding round to expand its warehouse automation platform. The company says the investment will support hiring and new partnerships with regional shipping firms."
5,Business,Grocery Prices Ease as Supply Chains Stabilize,"Grocery prices eased slightly last month as supply chains continued to stabilize after years of disruption. Shoppers reported modest relief at checkout, though prices remain above pre-pandemic levels."
6,Business,Small Businesses Report Cautious Optimism,"A survey of small business owners found cautious optimism about the coming year, with many planning modest hiring increases. Rising borrowing costs remain a top concern for expansion plans."
7,Business,Airline Announces New Domestic Routes,"A major airline announced several new domestic routes starting this spring, aiming to capture growing demand for leisure travel. The carrier said ticket sales for the new routes have exceeded early projections."
8,Business,Housing Market Shows Signs of Cooling,"The housing market showed signs of cooling as mortgage rates remained elevated, with fewer homes changing hands than a year ago. Sellers in several major metro areas began lowering asking prices."
9,Technology,AI Startup Raises Funding to Expand Automation Tools,"A local AI startup secured new funding to expand its enterprise automation tools, citing strong demand and new hires planned for the coming quarter. The company builds software that helps businesses automate repetitive back-office tasks."
10,Technology,New Chip Design Promises Faster Mobile Devices,"A semiconductor company unveiled a new chip design promising significantly faster performance in mobile devices while using less power. The chip is expected to appear in phones and tablets within the next year."
11,Technology,Researchers Develop More Efficient Battery Material,"University researchers developed a new battery material that could extend the range of electric vehicles by nearly a third. The team says the material is cheaper to produce than current alternatives."
12,Technology,Software Company Launches AI Writing Assistant,"A software company launched a new AI-powered writing assistant aimed at helping small businesses draft marketing materials and customer emails more quickly. Early users say the tool cuts drafting time significantly."
13,Technology,Cybersecurity Firm Warns of Rising Phishing Attacks,"A cybersecurity firm warned that phishing attacks targeting small businesses have risen sharply this year. The company recommends employee training and multi-factor authentication as key defenses."
14,Technology,Robotics Company Unveils Warehouse Automation System,"A robotics company unveiled a new warehouse automation system designed to speed up order fulfillment for online retailers. The system uses computer vision to identify and sort packages automatically."
15,Technology,Tech Firms Race to Improve Data Center Efficiency,"Major technology firms are racing to improve data center energy efficiency as demand for computing power grows. New cooling systems and chip designs are helping reduce electricity use significantly."
16,Technology,App Update Adds Offline Translation Feature,"A popular messaging app rolled out an update that adds offline translation for dozens of languages. Users can now translate messages without an internet connection, the company said."
17,Politics,City Council Approves New Infrastructure Budget,"The city council approved a new infrastructure budget focused on road repairs and public transit upgrades. Supporters say the plan addresses long-standing maintenance backlogs across the city."
18,Politics,Lawmakers Debate Proposed Education Funding Bill,"State lawmakers debated a proposed bill that would increase funding for public schools in underserved districts. Supporters argue the funding is overdue, while critics question how the increase would be paid for."
19,Politics,Governor Signs Bill Expanding Rural Broadband Access,"The governor signed a bill expanding broadband access to rural communities, funding new infrastructure projects across the state. Officials say the expansion could reach thousands of previously unconnected households."
20,Politics,Election Officials Report Record Early Voter Turnout,"Election officials reported record early voter turnout ahead of next month's election. Officials attributed the increase to expanded early voting hours and new polling locations."
21,Politics,Committee Reviews Proposed Changes to Zoning Rules,"A city planning committee reviewed proposed changes to zoning rules that would allow more housing density near transit corridors. Residents expressed mixed reactions during the public comment period."
22,Politics,Senators Introduce Bipartisan Infrastructure Proposal,"A group of senators introduced a bipartisan proposal to fund infrastructure projects across several states. The bill would direct funding toward roads, bridges, and public water systems."
23,Politics,Local Election Results Certified After Recount,"Local election results were certified this week after a routine recount confirmed the initial outcome. Officials said the process reflected the county's standard post-election review procedures."
24,Politics,City Debates New Policy on Public Park Funding,"City officials debated a new policy that would redirect funding toward park maintenance and youth recreation programs. Supporters say the change addresses years of deferred upkeep in public spaces."
25,Sports,Local Team Advances to Championship Game,"The local basketball team advanced to the championship game after a decisive win in the semifinal round. Fans packed the arena to celebrate the team's best season in over a decade."
26,Sports,Star Player Signs Multi-Year Contract Extension,"A star player signed a multi-year contract extension with the team, ending months of speculation about their future. Coaches praised the player's leadership both on and off the field."
27,Sports,City Breaks Ground on New Sports Complex,"City officials broke ground on a new sports complex intended to host youth leagues and community tournaments. The facility is expected to open in time for next year's spring season."
28,Sports,Marathon Draws Record Number of Runners,"This year's city marathon drew a record number of runners, with participants coming from dozens of states. Organizers credited improved course conditions and expanded charity partnerships for the turnout."
29,Sports,Coach Reflects on Team's Rebuilding Season,"The head coach reflected on a difficult rebuilding season, highlighting progress among younger players despite a losing record. The coach expressed optimism about next year's roster."
30,Sports,Youth League Expands to New Neighborhoods,"A youth sports league announced an expansion into several new neighborhoods, aiming to increase access to organized sports for younger children. Registration numbers have already exceeded expectations."
31,General,Community Center Reopens After Renovation,"The community center reopened this week following a months-long renovation that added new meeting spaces and updated facilities. Residents welcomed the reopening with a weekend of free public events."
32,General,Local Library Expands Weekend Hours,"The local library announced expanded weekend hours in response to growing demand from students and families. Library officials said the change follows months of community feedback."
33,General,Volunteers Restore Historic Neighborhood Park,"A group of volunteers spent the weekend restoring a historic neighborhood park, planting new trees and repairing walking paths. Organizers said the project was the largest community cleanup effort in years."
34,General,Farmers Market Season Opens Downtown,"The downtown farmers market opened for the season this weekend, featuring dozens of local vendors selling produce, crafts, and baked goods. Organizers expect attendance to grow through the summer months."
35,General,New Public Art Installation Unveiled Downtown,"A new public art installation was unveiled downtown this week, drawing crowds during its opening celebration. The piece was created by a local artist as part of a citywide public art initiative."
